,time,sector,camera,ccd,ra,dec,column,row,vmag,hmag
0,3814.0008007544675,92,1,2,286.56681,-18.68992,554.3783040749997,1.2116538323388824,19.298,
1,3814.0508007542703,92,1,2,286.557890312242,-18.690229534346848,554.4759411434485,2.7666985940624116,19.296508685306275,
2,3814.1008007545393,92,1,2,286.5489659798379,-18.690542894496545,554.5729113637381,4.322453262985658,19.295011358794554,
3,3814.1508007543425,92,1,2,286.5400371353151,-18.690859934572607,554.669238127518,5.878891177823178,19.293509551144187,
4,3814.2008007546115,92,1,2,286.53110391086824,-18.691180508710303,554.7649448298935,7.43598575484225,19.292004792978688,
5,3814.250800754415,92,1,2,286.52216643902415,-18.691504471033006,554.8600548622383,8.993710371816189,19.290498614977533,
6,3814.300800754219,92,1,2,286.51322485205924,-18.69183167567304,554.9545916184583,10.552038469638688,19.288992547778175,
7,3814.350800754488,92,1,2,286.5042792822495,-18.692161976762858,555.0485784922852,12.110943508722347,19.287488122018065,
8,3814.4008007542916,92,1,2,286.4953298621202,-18.69249522842566,555.1420388746938,13.67039892549532,19.28598686837669,
9,3814.4508007545605,92,1,2,286.4863767238623,-18.69283128479701,555.2349961600077,15.230378234044132,19.284490317477555,
10,3814.5008007543634,92,1,2,286.47742,-18.69317,555.3274737389414,16.790854909840704,19.283,
11,3814.550800754166,92,1,2,286.4684598081399,-18.6935112168707,555.4194972409567,18.351804770070785,19.281516670175616,
12,3814.6008007544347,92,1,2,286.4594962072225,-18.693854733059602,555.5111012387626,19.913212764492897,19.280037976612565,
13,3814.650800754237,92,1,2,286.4505292417717,-18.694200334911187,555.6023225340114,21.475066094352336,19.278560791554394,
14,3814.7008007545046,92,1,2,286.44155895597703,-18.694547808782758,555.6931979265704,23.03735203534169,19.277081987189543,
15,3814.7508007543065,92,1,2,286.432585394362,-18.694896941018715,555.7837642077398,24.600057821234337,19.27559843576156,
16,3814.800800754109,92,1,2,286.42360860119885,-18.69524751797317,555.8740581661783,26.163170745724955,19.27410700947272,
17,3814.8508007543765,92,1,2,286.4146286207593,-18.69559932600027,555.9641165853712,27.726678118823287,19.272604580524973,
18,3814.9008007541784,92,1,2,286.40564549756584,-18.695952151444335,556.0539762411261,29.290567223039226,19.271088021162324,
19,3814.950800754446,92,1,2,286.3966592758055,-18.69630578066282,556.1436739074604,30.854825415490296,19.269554203572476,
20,3815.000800754248,92,1,2,286.38767,-18.69666,556.2332463499002,32.41944001120537,19.268,
21,3815.0508007540498,92,1,2,286.3786776553972,-18.69701452816277,556.3227432240764,33.9844070354774,19.266423634024807,
22,3815.1008007543173,92,1,2,286.3696819911564,-18.697368813268866,556.412265743211,35.549757129294065,19.2648287347384,
23,3815.1508007541197,92,1,2,286.36068269766554,-18.69772223577884,556.5019279832054,37.11552955202503,19.26322028265506,
24,3815.2008007543877,92,1,2,286.35167946497654,-18.69807417616643,556.5918439937344,38.681763632845396,19.261603258229442,
25,3815.2508007541896,92,1,2,286.3426719834759,-18.698424014892215,556.6821277915877,40.248498654125434,19.25998264197622,
26,3815.300800753992,92,1,2,286.33365994329824,-18.698771132426646,556.7728933665373,41.8157739534973,19.258363414364887,
27,3815.35080075426,92,1,2,286.32464303457743,-18.699114909240063,556.8642546788667,43.38362888020248,19.256750555864997,
28,3815.400800754062,92,1,2,286.3156209476988,-18.69945472579321,556.9563256568243,44.952102751305205,19.255149046991143,
29,3815.45080075433,92,1,2,286.30659337271135,-18.699789962559553,557.049220202606,46.52123495392311,19.25356386819811,
30,3815.500800754132,92,1,2,286.29756,-18.70012,557.14305218551,48.09106482844434,19.252,
31,3815.550800753934,92,1,2,286.28852041045735,-18.70044421047042,557.2379387092709,49.66165047262921,19.250460793760013,
32,3815.6008007542014,92,1,2,286.279473748015,-18.70076193386871,557.3340098854741,51.23312478707658,19.248943084416318,
33,3815.6508007540033,92,1,2,286.2704190476152,-18.701072501969495,557.4313990330758,52.80563929722885,19.247442077842923,
34,3815.700800754271,92,1,2,286.2613553438608,-18.70137524655907,557.5302394213694,54.37934555010031,19.245952979857513,
35,3815.7508007540728,92,1,2,286.2522816716904,-18.70166949941235,557.6306642626323,55.95439499723591,19.24447099633356,
36,3815.800800753875,92,1,2,286.2431970657877,-18.701954592312706,557.7328067184428,57.53093909738074,19.242991333102903,
37,3815.8508007541427,92,1,2,286.23410056083446,-18.702229857043193,557.8367998968615,59.109129272739935,19.24150919599748,
38,3815.900800753945,92,1,2,286.2249911917657,-18.70249462537922,557.9427768493273,60.68911686492753,19.24001979089061,
39,3815.9508007542136,92,1,2,286.2158679931763,-18.70274822910622,558.050870577346,62.27105323803022,19.23851832360022,
40,3816.0008007540164,92,1,2,286.20673,-18.70299,558.1612140244139,63.855089661031016,19.237,
41,3816.050800753819,92,1,2,286.1975761829083,-18.70321930994855,558.2739341058331,65.4413893830323,19.235461190969588,
42,3816.100800754088,92,1,2,286.18840525654144,-18.70343569125952,558.3891337725896,67.0301634909479,19.233902927579162,
43,3816.1508007538914,92,1,2,286.17921587178427,-18.70363871633964,558.5069099353051,68.62163492350595,19.232327405990336,
44,3816.200800754161,92,1,2,286.170006679175,-18.703827957603426,558.6273594479719,70.21602659922095,19.230736822306387,
45,3816.250800753964,92,1,2,286.16077632959036,-18.704002987458104,558.7505790988248,71.8135612979181,19.229133372689528,
46,3816.300800753768,92,1,2,286.15152347364585,-18.704163378316245,558.8766656177177,73.41446176463332,19.227519253257586,
47,3816.3508007540368,92,1,2,286.14224676195255,-18.704308702589874,559.005715672485,75.01895066525235,19.225896660127987,
48,3816.40080075384,92,1,2,286.1329448453776,-18.704438532687025,559.137825864757,76.62725054151721,19.224267789463553,
49,3816.450800754109,92,1,2,286.12361637443917,-18.704552441020862,559.2730927379927,78.23958391573693,19.222634837366552,
50,3816.5008007539122,92,1,2,286.11426,-18.70465,559.4116127671396,79.8561731708762,19.221,
51,3816.5508007537146,92,1,2,286.1048745079536,-18.704730929730616,559.5534541785,81.47722067226924,19.219365442396487,
52,3816.600800753983,92,1,2,286.09545922536284,-18.70479554109543,559.6985723992146,83.10284877693007,19.217733205249502,
53,3816.650800753785,92,1,2,286.0860136148416,-18.704844292669755,559.8468946506486,84.73315974506156,19.21610529821333,
54,3816.700800754053,92,1,2,286.07653713864624,-18.70487764303102,559.9983481507903,86.36825583026595,19.21448373088157,
55,3816.750800753855,92,1,2,286.06702925937964,-18.704896050755096,560.1528601029977,88.00823915784072,19.212870512908324,
56,3816.800800753657,92,1,2,286.05748943937425,-18.70489997441888,560.310357705606,89.65321183098084,19.211267653902333,
57,3816.8508007539244,92,1,2,286.0479171409556,-18.704889872598695,560.470768147637,91.30327588505,19.209677163472733,
58,3816.9008007537263,92,1,2,286.03831182671144,-18.70486620387126,560.634018603984,92.95853324093052,19.208101051273037,
59,3816.9508007539944,92,1,2,286.0286729588668,-18.704829426812633,560.8000362457782,94.61908581248353,19.20654132689781,
60,3817.0008007537963,92,1,2,286.01900000000006,-18.70478,560.9687482280214,96.28503538285335,19.205,
61,3817.0508007535987,92,1,2,286.0092925452916,-18.70471840112738,561.1400761474923,97.95646124758116,19.203478039480203,
62,3817.1008007538667,92,1,2,285.99955072142103,-18.704645184359464,561.3139193912076,99.63335279299393,19.201972251404975,
63,3817.150800753669,92,1,2,285.98977478821075,-18.704560922980857,561.4901718091628,101.31567687649279,19.200478401174184,
64,3817.200800753937,92,1,2,285.9799650051138,-18.704466190273212,561.6687272813693,103.00340040530656,19.19899225413175,
65,3817.2508007537394,92,1,2,285.9701216319421,-18.704361559521526,561.8494797048878,104.69649021104911,19.197509575677174,
66,3817.3008007535414,92,1,2,285.96024492822744,-18.704247604008188,562.0323230055926,106.3949131595266,19.19602613116843,
67,3817.3508007538094,92,1,2,285.95033515349456,-18.70412489701524,562.2171511334159,108.09863610359669,19.19453768596347,
68,3817.4008007536113,92,1,2,285.94039256753865,-18.703994011828197,562.4038580572884,109.80762583538313,19.193040005461814,
69,3817.450800753879,92,1,2,285.93041742977914,-18.703855521727846,562.5923377773653,111.5218491971831,19.19152885500734,
70,3817.500800753681,92,1,2,285.92041,-18.70371,562.782484311298,113.2412729541386,19.19,
71,3817.550800753482,92,1,2,285.9103705709571,-18.703558005761177,562.9741936457982,114.96585786425113,19.188450399717144,
72,3817.600800753749,92,1,2,285.9002995684269,-18.703400041465905,563.1673695507806,116.69554051328083,19.186881789113446,
73,3817.65080075355,92,1,2,285.8901974517189,-18.70323659540769,563.3619177596688,118.43025140302726,19.185297097107036,
74,3817.700800753816,92,1,2,285.8800646797619,-18.703068155874067,563.5577440434851,120.16992110742356,19.18369925255732,
75,3817.750800753617,92,1,2,285.8699017118561,-18.702895211158754,563.7547541965798,121.91448014331672,19.182091184382976,
76,3817.8008007534177,92,1,2,285.85970900701335,-18.702718249550767,563.9528540495676,123.66385908370364,19.180475821458042,
77,3817.8508007536843,92,1,2,285.8494870242386,-18.702537759338988,564.1519494641035,125.41798850942709,19.17885609265631,
78,3817.9008007534853,92,1,2,285.83923622281685,-18.70235422881734,564.3519463274669,127.17679895986319,19.177234926896844,
79,3817.950800753752,92,1,2,285.82895706164595,-18.702168146273003,564.552750565749,128.9402210473989,19.175615253038384,
80,3818.0008007535534,92,1,2,285.81865,-18.70198,564.7542681291471,130.70818532642764,19.174,
81,3818.050800753355,92,1,2,285.8083154810136,-18.701790225831168,564.9564144647657,132.4806239644181,19.172391361686092,
82,3818.100800753622,92,1,2,285.79795388443074,-18.701599049775204,565.1591428852608,134.25747536542207,19.170788592123714,
83,3818.150800753424,92,1,2,285.78756557443415,-18.70140664539014,565.3624161766384,136.0386794586722,19.169190210415294,
84,3818.200800753692,92,1,2,285.77715091481537,-18.701213186226855,565.566197150912,137.82417625938723,19.1675947356036,
85,3818.2508007534943,92,1,2,285.76671026974856,-18.70101884584344,565.7704486310676,139.61390573613983,19.166000686790927,
86,3818.3008007532967,92,1,2,285.75624400311216,-18.700823797792545,565.975133464444,141.4078079272016,19.16440658303498,
87,3818.3508007535647,92,1,2,285.7457524787786,-18.700628215626832,566.1802145171637,143.20582289091325,19.162810943393467,
88,3818.400800753367,92,1,2,285.7352360609084,-18.700432272904408,566.3856546684935,145.00789065536378,19.161212286968674,
89,3818.450800753635,92,1,2,285.7246951132652,-18.700236143176088,566.5914168243276,146.81395133576817,19.15960913280338,
90,3818.5008007534375,92,1,2,285.71413,-18.700040000000005,566.7974639019596,148.62394500019292,19.158,
91,3818.55080075324,92,1,2,285.70354106514463,-18.699844020918306,567.0037584658801,150.43781527838402,19.15638415357426,
92,3818.600800753508,92,1,2,285.69292857345016,-18.699648399431204,567.2102615874794,152.25551978049347,19.154763842373814,
93,3818.6508007533103,92,1,2,285.6822927701411,-18.699453333033887,567.4169339701559,154.07701956637715,19.15314206124968,
94,3818.700800753578,92,1,2,285.6716339000416,-18.699259019214267,567.6237363402365,155.90227577223487,19.15152180499251,
95,3818.75080075338,92,1,2,285.66095220836826,-18.699065655467514,567.8306294316477,157.7312494748837,19.14990606845332,
96,3818.800800753182,92,1,2,285.650247940035,-18.698873439283346,568.037573999464,159.5639018107369,19.1482978464378,
97,3818.85080075345,92,1,2,285.63952133995036,-18.69868256815154,568.2445308141989,161.40019392494978,19.14670013375195,
98,3818.900800753252,92,1,2,285.62877265331787,-18.698493239567195,568.4514606560768,163.24008691999035,19.145115925246344,
99,3818.9508007535196,92,1,2,285.61800212493625,-18.69830565101834,568.6583243285879,165.0835419754209,19.143548215712354,
100,3819.000800753322,92,1,2,285.60721,-18.698120000000003,568.8650826431448,166.93052021089588,19.142,
101,3819.050800753124,92,1,2,285.59639651856816,-18.69793645049994,569.0717023814092,168.7809828995647,19.140473024052632,
102,3819.1008007533915,92,1,2,285.58556190137597,-18.697755032497863,569.2781741333667,170.6348917002745,19.13896403836317,
103,3819.1508007531934,92,1,2,285.57470636462756,-18.697575742476495,569.4844944407674,172.49220833200326,19.137468544603827,
104,3819.2008007534614,92,1,2,285.563830124119,-18.69739857691184,569.6906598611984,174.35289460238087,19.135982044390776,
105,3819.2508007532633,92,1,2,285.55293339604697,-18.697223532286557,569.8966669527397,176.2169122693967,19.13450003939581,
106,3819.3008007530657,92,1,2,285.5420163963,-18.69705060507833,570.1025122874397,178.0842231626482,19.13301803124918,
107,3819.3508007533333,92,1,2,285.5310793407617,-18.69687979176494,570.3081924455976,179.9547891315796,19.131531521581138,
108,3819.4008007531356,92,1,2,285.5201224456167,-18.69671108882891,570.5137040100434,181.8285719931312,19.130036012063467,
109,3819.4508007534037,92,1,2,285.50914592663736,-18.696544492746447,570.719043579586,183.70553365382014,19.128527004312353,
110,3819.500800753206,92,1,2,285.49815,-18.696380000000005,570.9242077537339,185.585635970169,19.127,
111,3819.5508007530084,92,1,2,285.48713486075263,-18.696217627085993,571.1291899731905,187.4688448722897,19.125451750249663,
112,3819.6008007532764,92,1,2,285.47610062066974,-18.69605747057537,571.3339709948647,189.35514230901043,19.12388400415636,
113,3819.650800753079,92,1,2,285.46504737101293,-18.695899647062163,571.5385284041306,191.24451418042167,19.12229976035211,
114,3819.7008007533473,92,1,2,285.4539752026283,-18.695744273134494,571.742839800979,193.1369464580938,19.12070201741027,
115,3819.7508007531496,92,1,2,285.44288420677003,-18.695591465386308,571.9468827847986,195.03242504430594,19.119093773963435,
116,3819.8008007529515,92,1,2,285.4317744743787,-18.695441340407193,572.1506349677356,196.9309358953701,19.117478028599578,
117,3819.8508007532196,92,1,2,285.4206460963901,-18.695294014786846,572.3540739689744,198.83246496886085,19.115857779906406,
118,3819.9008007530215,92,1,2,285.4094991640467,-18.695149605119074,572.5571774090969,200.73699817038272,19.11423602651692,
119,3819.9508007532886,92,1,2,285.3983337681718,-18.695008227992226,572.7599229233575,202.64452147757316,19.112615767003785,
120,3820.00080075309,92,1,2,285.38715,-18.69487,572.9622881465581,204.55502079824623,19.111,
121,3820.0508007528915,92,1,2,285.375947958591,-18.694735011159683,573.1642552490046,206.46848012804074,19.10939097498357,
122,3820.100800753158,92,1,2,285.3647277755646,-18.694603245198923,573.3658244979058,208.38487560252406,19.10778794499387,
123,3820.150800752959,92,1,2,285.3534895909916,-18.69447465927662,573.5670006818855,210.30418135202984,19.106189414005346,
124,3820.2008007532254,92,1,2,285.3422335445208,-18.694349210546807,573.7677886011609,212.22637159450784,19.104593885932772,
125,3820.2508007530264,92,1,2,285.3309597762157,-18.69422685616826,573.9681930525766,214.15142049262562,19.102999864750448,
126,3820.300800752827,92,1,2,285.3196684258216,-18.694107553296227,574.1682188427202,216.07930227898396,19.101405854388087,
127,3820.3508007530936,92,1,2,285.308359633079,-18.69399125908608,574.3678707823044,218.0099912025985,19.099810358775407,
128,3820.4008007528946,92,1,2,285.29703353804047,-18.693877930696416,574.5671536806304,219.94346147489216,19.098211881886705,
129,3820.4508007531613,92,1,2,285.2856902803326,-18.693767525281554,574.7660723586015,221.87968739563286,19.09660892763675,
130,3820.500800752963,92,1,2,285.27433,-18.69366,574.9646316338932,223.81864320894582,19.095,
131,3820.5508007527646,92,1,2,285.26295281506,-18.69355532827827,575.1628338296367,225.76030728663343,19.09338434985183,
132,3820.6008007530327,92,1,2,285.25155875669884,-18.693453548627502,575.3606712550705,227.70467423975805,19.091764215850272,
133,3820.6508007528346,92,1,2,285.2401478347109,-18.693354715832804,575.5581337115214,229.65174268223288,19.09014258364439,
134,3820.7008007531026,92,1,2,285.2287200584616,-18.693258884675537,575.755211009409,231.60151129900768,19.088522438822874,
135,3820.750800752905,92,1,2,285.21727543773784,-18.693166109940687,575.9518929535257,233.55397870093535,19.086906767034773,
136,3820.800800752708,92,1,2,285.20581398200335,-18.69307644641057,576.1481693558995,235.50914355187263,19.08529855388384,
137,3820.8508007529754,92,1,2,285.1943357007169,-18.69298994886758,576.3440300302841,237.46700451432804,19.083700784974084,
138,3820.9008007527777,92,1,2,285.18284060365437,-18.69290667209655,576.5394647866829,239.42756019457326,19.082116445954153,
139,3820.9508007530453,92,1,2,285.1713287001593,-18.692826670879125,576.7344634441447,241.39080927043779,19.08054852241343,
140,3821.000800752847,92,1,2,285.1598,-18.692750000000004,576.9290158161572,243.35675034511553,19.079,
141,3821.0508007526487,92,1,2,285.14825453134455,-18.692676705729554,577.1231129184065,245.32537869909345,19.077472625644873,
142,3821.1008007529153,92,1,2,285.1366923972581,-18.69260680028996,577.316750549316,247.29667611136927,19.075963191587164,
143,3821.1508007527163,92,1,2,285.1251137198507,-18.692540287393268,577.5099257016502,249.2706209403362,19.074467251434925,
144,3821.200800752983,92,1,2,285.1135186207973,-18.692477170748973,577.7026353804304,251.24719162958615,19.072980358740146,
145,3821.2508007527836,92,1,2,285.10190722220096,-18.692417454068995,577.8948765885468,253.226366560849,19.071498067110458,
146,3821.3008007525846,92,1,2,285.09027964583663,-18.69236114106348,578.0866463393555,255.20812418282378,19.07001593011193,
147,3821.350800752851,92,1,2,285.0786360134748,-18.692308235442674,578.2779416512901,257.1924429560766,19.068529501310643,
148,3821.400800752652,92,1,2,285.0669764472072,-18.69225874091832,578.4687595425353,259.179301297525,19.067034334314215,
149,3821.4508007529184,92,1,2,285.0553010686876,-18.69221266120023,578.6590970435124,261.1686777098324,19.06552598267466,
150,3821.50080075272,92,1,2,285.04361,-18.69217,578.8489511826766,263.16055063346477,19.064,
151,3821.550800752522,92,1,2,285.0319033397431,-18.692130758805117,579.0383197484219,265.15490247554203,19.06245314760313,
152,3821.6008007527894,92,1,2,285.02018109388996,-18.692094930211905,579.2272035300035,267.1517312485616,19.060887017783916,
153,3821.6508007525913,92,1,2,285.0084432455818,-18.692062504594862,579.4156040599383,269.1510388102332,19.059304410633008,
154,3821.7008007528593,92,1,2,284.9966897775191,-18.692033472327218,579.6035228762877,271.1528270935295,19.05770812618243,
155,3821.7508007526617,92,1,2,284.9849206728357,-18.69200782378333,579.7909615086064,273.1570979577557,19.056100964523402,
156,3821.800800752464,92,1,2,284.97313591433345,-18.691985549336756,579.9779214901992,275.16385331891615,19.05448572570256,
157,3821.850800752732,92,1,2,284.9613354848096,-18.691966639361162,580.1644043528527,277.1730950939838,19.05286520976625,
158,3821.9008007525345,92,1,2,284.94951936738715,-18.691951084230723,580.350411621644,279.18482514462767,19.05124221680613,
159,3821.9508007528025,92,1,2,284.9376875447453,-18.69193887431898,580.5359448270776,281.1990454082842,19.049619546853478,
160,3822.0008007526044,92,1,2,284.92584,-18.691929999999996,580.7210054912274,283.2157577482255,19.048,
161,3822.050800752406,92,1,2,284.91397672986795,-18.69192445905082,580.9055936304876,285.2349618677243,19.04638578397747,
162,3822.100800752673,92,1,2,284.9020977868036,-18.691922278862034,581.0897032240706,287.2566486036177,19.04477673725965,
163,3822.150800752474,92,1,2,284.8902032375246,-18.69192349422762,581.2733267399817,289.2808065236938,19.043172106050662,
164,3822.2008007527406,92,1,2,284.878293148302,-18.691928139941552,581.4564566568073,291.307424275961,19.041571136494763,
165,3822.2508007525416,92,1,2,284.8663675858463,-18.691936250797667,581.6390854500443,293.33649043791456,19.039973074795938,
166,3822.3008007523426,92,1,2,284.8544266165311,-18.691947861589945,581.8212056040528,295.36799364859155,19.038377167113417,
167,3822.350800752609,92,1,2,284.84247030672543,-18.691963007112484,582.0028096069198,297.40192255203385,19.036782659606526,
168,3822.40080075241,92,1,2,284.83049872312847,-18.691981722158935,582.1838899454309,299.43826574037223,19.035188798479123,
169,3822.450800752676,92,1,2,284.8185119319895,-18.692004041523603,582.3644391168832,301.47701188649336,19.033594829875664,
170,3822.500800752477,92,1,2,284.80651,-18.69203,582.5444496156165,303.5181495923179,19.032,
171,3822.5508007522776,92,1,2,284.7944929909654,-18.692059624991675,582.7239152748093,305.561667801495,19.030403716522738,
172,3822.6008007525443,92,1,2,284.7824609584993,-18.69209291433995,582.9028352507078,307.60755658253845,19.028806033159597,
173,3822.6508007523453,92,1,2,284.77041395400073,-18.692129858494603,583.0812100263892,309.65580623325644,19.027207165182233,
174,3822.700800752612,92,1,2,284.7583520284163,-18.69217044790674,583.2590400931946,311.70640713447904,19.025607327802753,
175,3822.7508007524134,92,1,2,284.7462752331378,-18.692214673026,583.4363259374613,313.75934959750174,19.02400673629285,
176,3822.8008007522144,92,1,2,284.73418361921637,-18.692262524303153,583.6130680521354,315.8146239976645,19.022405605879527,
177,3822.850800752481,92,1,2,284.7220772376983,-18.692313992189106,583.7892669317708,317.87222071727206,19.020804151789754,
178,3822.900800752282,92,1,2,284.7099561399645,-18.692369067133296,583.9649230676441,319.9321300878931,19.019202589295258,
179,3822.9508007525487,92,1,2,284.69782037694057,-18.692427739587156,584.1400369592276,321.99434252465664,19.017601133608096,
180,3823.0008007523497,92,1,2,284.68567,-18.69249,584.3146091011079,324.05884837271475,19.016,
181,3823.0508007521503,92,1,2,284.673505056465,-18.69255584098177,584.4886396740228,326.12563871561326,19.01439934996733,
182,3823.100800752417,92,1,2,284.66132557882105,-18.692625263778563,584.662127578552,328.1947073383568,19.012799130084073,
183,3823.1508007522175,92,1,2,284.6491315961817,-18.692698271793525,584.8350713911549,330.26604864631133,19.011199233238294,
184,3823.200800752484,92,1,2,284.6369231372029,-18.692774868432444,585.0074696958156,332.33965712588997,19.009599552258464,
185,3823.2508007522847,92,1,2,284.62470023099127,-18.69285505709834,585.1793210711445,334.41552719029664,19.007999980032654,
186,3823.3008007520857,92,1,2,284.6124629063083,-18.692938841196334,585.3506241016456,336.4936533146614,19.006400409404225,
187,3823.3508007523524,92,1,2,284.60021119191106,-18.693026224131707,585.5213773728836,338.5740299782105,19.00480073321656,
188,3823.4008007521534,92,1,2,284.58794511689507,-18.69311720930726,585.6915794667252,340.65665160603913,19.00320084435772,
189,3823.4508007524205,92,1,2,284.57566470989536,-18.693211800129134,585.8612289724601,342.74151270475943,19.001600635656175,
190,3823.5008007522224,92,1,2,284.56337,-18.69331,586.0303244741367,344.82860770741814,19.0,
191,3823.550800752024,92,1,2,284.55106101336895,-18.693411821079724,586.1988630729976,346.9179317251878,18.998398883643688,
192,3823.600800752292,92,1,2,284.53873776583254,-18.69351731054659,586.366835917181,349.00948233516164,18.99679744648623,
193,3823.6508007520943,92,1,2,284.52640027098016,-18.69362652433047,586.5342326635475,351.10325767117143,18.995195901882475,
194,3823.700800752362,92,1,2,284.514048541938,-18.69373951836524,586.7010429773107,353.1992559438346,18.993594463127625,
195,3823.750800752164,92,1,2,284.501682592288,-18.69385634858066,586.8672565195762,355.29747528458347,18.99199334357654,
196,3823.8008007519666,92,1,2,284.4893024352631,-18.693977070909597,587.0328629582267,357.3979138822263,18.990392756539322,
197,3823.8508007522346,92,1,2,284.47690808409163,-18.694101741285074,587.197851963242,359.5005699245089,18.988792915326115,
198,3823.900800752037,92,1,2,284.4644995523445,-18.694230415636618,587.3622132021036,361.6054415392185,18.987194033291736,
199,3823.9508007523045,92,1,2,284.4520768531262,-18.69436314989847,587.5259363505482,363.71252693138405,18.985596323731432,
200,3824.0008007521064,92,1,2,284.43964,-18.6945,587.6890110803171,365.82182422638346,18.984,
201,3824.050800751908,92,1,2,284.4271890202509,-18.694641004697008,587.8514298545756,367.93332887759425,18.982405115493673,
202,3824.100800752175,92,1,2,284.41472399745066,-18.694786134036306,588.0131962776815,370.04702542352993,18.98081108395314,
203,3824.150800751976,92,1,2,284.40224502958836,-18.69493534088338,588.1743167367864,372.16289562633085,18.9792171592497,
204,3824.2008007522427,92,1,2,284.38975221418485,-18.695088578109182,588.3347976276843,374.2809213405313,18.97762259519528,
205,3824.2508007520437,92,1,2,284.37724564922223,-18.695245798579048,588.4946453428155,376.4010843554459,18.976026645661207,
206,3824.3008007518447,92,1,2,284.3647254323297,-18.695406955162554,588.6538662817507,378.5233665332141,18.97442856447425,
207,3824.350800752111,92,1,2,284.35219166113217,-18.69557200072945,588.8124668466828,380.6477497496928,18.972827605461106,
208,3824.400800751912,92,1,2,284.3396444336007,-18.695740888144826,588.9704534380489,382.7742158350764,18.97122302249323,
209,3824.450800752178,92,1,2,284.3270838472355,-18.695913570280023,589.1278324648364,384.9027467123737,18.96961406938233,
210,3824.500800751979,92,1,2,284.31451,-18.69609,589.2846103328386,387.03332423907847,18.968,
211,3824.55080075178,92,1,2,284.30192297583227,-18.696270150129074,589.440790179823,389.16593305680743,18.966380654417378,
212,3824.6008007520472,92,1,2,284.2893228039837,-18.69645407330986,589.5963620457976,391.300568659471,18.96475821768334,
213,3824.6508007518482,92,1,2,284.27670950038294,-18.696641842134362,589.7513126941275,393.43722919142584,18.96313546113661,
214,3824.7008007521154,92,1,2,284.26408308048576,-18.69683352920152,589.9056288967796,395.5759128742665,18.961515156055487,
215,3824.7508007519164,92,1,2,284.25144356021383,-18.69702920710319,590.0592974227773,397.71661784773204,18.95990007377865,
216,3824.8008007517174,92,1,2,284.2387909551325,-18.697228948436575,590.2123050482818,399.85934230901427,18.958292985599453,
217,3824.850800751984,92,1,2,284.22612528080276,-18.697432825799027,590.3646385522479,402.0040844531178,18.956696662811574,
218,3824.900800751785,92,1,2,284.2134465531359,-18.69764091178218,590.5162847121924,404.1508424127873,18.955113876753238,
219,3824.9508007520512,92,1,2,284.20075478756695,-18.697853278985345,590.6672303141114,406.299614398478,18.95354739870349,
220,3825.000800751852,92,1,2,284.18805000000003,-18.69807,590.8174621411836,408.45039853828877,18.952,
221,3825.050800751652,92,1,2,284.17533221662893,-18.69829113478265,590.9669690289436,410.6031909690886,18.95047326687257,
222,3825.1008007519176,92,1,2,284.16260150623697,-18.69851669272639,591.1157479971439,412.75797963312164,18.948964045295636,
223,3825.1508007517173,92,1,2,284.14985794860763,-18.698746670577098,591.2637981099792,414.91475037131727,18.947467996221683,
224,3825.200800751983,92,1,2,284.1371016230463,-18.698981065089143,591.4111184404891,417.0734891136706,18.94598078054718,
225,3825.2508007517827,92,1,2,284.12433260932977,-18.699219873008254,591.557708059536,419.2341817185592,18.94449805922421,
226,3825.3008007515823,92,1,2,284.11155098687453,-18.699463091086663,591.703566045431,421.3968141134613,18.943015493163305,
227,3825.3508007518476,92,1,2,284.0987568350929,-18.699710716076787,591.8486914797882,423.56137223470665,18.941528743274993,
228,3825.4008007516472,92,1,2,284.08595023375085,-18.699962744724115,591.99308344351,425.72784196693317,18.940033470511352,
229,3825.450800751913,92,1,2,284.07313126213364,-18.700219173783417,592.1367410262375,427.8962092842345,18.93852533576887,
230,3825.500800751713,92,1,2,284.0603,-18.70048,592.2796633155975,430.0664600887554,18.937,
231,3825.550800751513,92,1,2,284.04745652786147,-18.700745220735342,592.4218492841599,432.238580175845,18.935454278126794,
232,3825.60080075178,92,1,2,284.03460093068577,-18.701014835787188,592.5632974182878,434.41255464508805,18.933889601116984,
233,3825.6508007515804,92,1,2,284.0217332949115,-18.70128884555472,592.7040060817292,436.58836836809024,18.93230855399375,
234,3825.700800751847,92,1,2,284.00885370649445,-18.701567250447276,592.8439736472887,438.7660063065045,18.930713721721688,
235,3825.750800751648,92,1,2,283.99596225186673,-18.701850050863893,592.9831984863436,440.945453349856,18.92910768932452,
236,3825.8008007514495,92,1,2,283.9830590170969,-18.702137247211358,593.1216789779978,443.12669445752033,18.927493041781457,
237,3825.850800751716,92,1,2,283.97014408824964,-18.702428839896644,593.2594135051341,445.3097145978982,18.925872364071374,
238,3825.9008007515176,92,1,2,283.9572175517468,-18.702724829318534,593.396400450618,447.4944986874169,18.924248241218493,
239,3825.9508007517843,92,1,2,283.9442794935253,-18.70302521588678,593.5326382062455,449.68103173282185,18.922623258186604,
240,3826.0008007515858,92,1,2,283.93133,-18.70333,593.6681251625591,451.86929866845117,18.921,
241,3826.0508007513868,92,1,2,283.9183691621489,-18.703639192270003,593.8028578695576,454.05928386653136,18.919380620655126,
242,3826.1008007516534,92,1,2,283.9053970906591,-18.703952844127947,593.9368254894497,456.2509691789001,18.9177655502189,
243,3826.1508007514544,92,1,2,283.89241390150545,-18.704271017201002,594.0700153394984,458.4443357708531,18.916154787820922,
244,3826.200800751721,92,1,2,283.87941971017597,-18.704593773128114,594.2024147492131,460.6393648961116,18.914548332530714,
245,3826.250800751522,92,1,2,283.86641463263953,-18.70492117353628,594.3340110504265,462.8360377333223,18.912946183477718,
246,3826.300800751323,92,1,2,283.8533987844987,-18.70525328006151,594.4647915859555,465.034335529157,18.91134833974647,
247,3826.3508007515893,92,1,2,283.84037228135224,-18.705590154339976,594.5947437058609,467.2342395370449,18.909754800421673,
248,3826.4008007513903,92,1,2,283.8273352391596,-18.705931857998422,594.7238547638738,469.43573095560646,18.90816556463253,
249,3826.4508007516574,92,1,2,283.8142877733912,-18.706278452676244,594.8521121258235,471.6387910721247,18.90658063144896,
250,3826.5008007514584,92,1,2,283.80123,-18.70663,594.979503160048,473.84340109847756,18.905,
251,3826.5508007512594,92,1,2,283.78816203377716,-18.706986550177696,595.1060172457708,476.0495422284979,18.903423239288465,
252,3826.6008007515265,92,1,2,283.7750839863363,-18.70734810770464,595.2316517686396,478.2571953191368,18.901848197989533,
253,3826.6508007513276,92,1,2,283.7619959688599,-18.707714665637805,595.3564061158241,480.4663410903389,18.900272294740436,
254,3826.7008007515947,92,1,2,283.74889809204024,-18.708086217047715,595.4802796839505,482.6769603555695,18.89869294811969,
255,3826.7508007513957,92,1,2,283.73579046705436,-18.708462754991142,595.6032718698564,484.8890338573288,18.89710757676462,
256,3826.800800751197,92,1,2,283.7226732047104,-18.708844272535245,595.7253820786447,487.10254241113853,18.895513599268433,
257,3826.8508007514633,92,1,2,283.709546415813,-18.70923076274735,595.8466097202235,489.3174668438979,18.893908434224052,
258,3826.9008007512643,92,1,2,283.69641021153046,-18.70962221868395,595.9669542059489,491.5337879318942,18.89228950026927,
259,3826.9508007515306,92,1,2,283.68326470253874,-18.710018633416063,596.086414956511,493.7514865452419,18.890654215981804,
260,3827.000800751331,92,1,2,283.67011,-18.71042,596.204991392975,495.9705434827492,18.889,
261,3827.050800751131,92,1,2,283.6569462329839,-18.71082630701122,596.3226834644059,498.1909364588288,18.88732542222679,
262,3827.1008007513965,92,1,2,283.64377360366785,-18.71123752505767,596.4394932054197,500.41263057246005,18.88563365780507,
263,3827.1508007511966,92,1,2,283.6305923328734,-18.711653620243833,596.55542317605,502.63558772417673,18.883929033235262,
264,3827.200800751462,92,1,2,283.6174026409286,-18.712074558689626,596.670475949909,504.8597699195653,18.88221587495457,
265,3827.2508007512615,92,1,2,283.6042047486508,-18.712500306499365,596.7846541055405,507.0851391035123,18.88049850946382,
266,3827.300800751061,92,1,2,283.590998876486,-18.71293082978912,596.8979602339818,509.31165730526044,18.878781263215963,
267,3827.3508007513265,92,1,2,283.5777852448777,-18.713366094675127,597.0103969354935,511.53928657623464,18.877068462663956,
268,3827.400800751126,92,1,2,283.5645640746358,-18.713806067261455,597.1219668164722,513.7679889277409,18.87536443430862,
269,3827.450800751392,92,1,2,283.5513355860751,-18.71425071366844,597.2326724967826,515.9977264762352,18.873673504587163,
270,3827.500800751192,92,1,2,283.5381,-18.7147,597.3425166014209,518.2284612772156,18.872,
271,3827.5508007509925,92,1,2,283.52485752455266,-18.715153891768317,597.4515020471125,520.4601575222423,18.87034707184145,
272,3827.600800751259,92,1,2,283.51160831871323,-18.715612352069407,597.5596328758804,522.6927876296702,18.86871317077156,
273,3827.65080075106,92,1,2,283.49835252954057,-18.716075343382375,597.6669134119727,524.9263260236092,18.867095572337192,
274,3827.700800751327,92,1,2,283.4850903035979,-18.716542828203472,597.7733479892828,527.1607472273516,18.865491552024608,
275,3827.7508007511283,92,1,2,283.4718217879408,-18.717014769011627,597.8789409433398,529.3960256968306,18.8638983853801,
276,3827.8008007509293,92,1,2,283.45854712925245,-18.717491128298814,597.9836966182977,531.6321359663743,18.862313347905122,
277,3827.8508007511964,92,1,2,283.4452664742137,-18.71797186855717,598.087619363913,533.8690525862147,18.860733715101432,
278,3827.9008007509974,92,1,2,283.4319799698746,-18.7184569522654,598.1907135326883,536.1067500599725,18.859156762514875,
279,3827.950800751264,92,1,2,283.41868776278807,-18.718946341920166,598.2929834866316,538.345202990467,18.857579765632465,
280,3828.0008007510646,92,1,2,283.40539,-18.71944,598.39443358959,540.5843859130041,18.856,
281,3828.050800750865,92,1,2,283.3920868290871,-18.719937845905374,598.4950756887897,542.8242724854529,18.85441529044408,
282,3828.1008007511314,92,1,2,283.37877840124133,-18.720439626669965,598.5949515338847,545.064832565062,18.852825659090445,
283,3828.1508007509315,92,1,2,283.3654648689297,-18.720945046221704,598.6941103448684,547.3060350248555,18.851231677434132,
284,3828.200800751197,92,1,2,283.35214638412225,-18.72145380850727,598.7926013430535,549.5478488570649,18.849633916910854,
285,3828.250800750997,92,1,2,283.3388230992837,-18.72196561745446,598.8904737437078,551.7902430062237,18.84803294901579,
286,3828.3008007507965,92,1,2,283.3254951665053,-18.722480177005274,598.9877767625279,554.033186515209,18.846429345199486,
287,3828.350800751062,92,1,2,283.3121627378768,-18.722997191101804,599.0845596128677,556.2766484626095,18.844823676912377,
288,3828.4008007508614,92,1,2,283.298825965859,-18.7235163636717,599.1808715031182,558.5205979000128,18.843216515649793,
289,3828.4508007511263,92,1,2,283.2854850024142,-18.72403739866191,599.2767616430083,560.765003998237,18.841608432847213,
290,3828.500800750926,92,1,2,283.27214,-18.72456,599.3722792364839,563.0098358801021,18.84,
291,3828.5508007507256,92,1,2,283.2587910593894,-18.725083824599103,599.4674823712697,565.2550704904924,18.838391766418003,
292,3828.6008007509904,92,1,2,283.2454380761133,-18.72560834125639,599.5624646581092,567.5007157038931,18.83678419284877,
293,3828.65080075079,92,1,2,283.2320808947641,-18.726132971725335,599.6573285644096,569.7467870883312,18.835177717944177,
294,3828.7008007510553,92,1,2,283.21871935943517,-18.726657137778982,599.7521765352067,571.9933003277926,18.833572780296223,
295,3828.750800750855,92,1,2,283.20535331471615,-18.727180261170822,599.8471109861587,574.2402710548555,18.83196981855674,
296,3828.8008007506546,92,1,2,283.1919826048223,-18.727701763669003,599.942234309798,576.4877149971716,18.8303692713327,
297,3828.8508007509204,92,1,2,283.17860707396727,-18.728221067041627,600.0376488729427,578.7356479147504,18.828771577231166,
298,3828.9008007507205,92,1,2,283.1652265667376,-18.72873759304228,600.1334570140938,580.984085537133,18.827177174903824,
299,3828.9508007509867,92,1,2,283.1518409272203,-18.729250763443833,600.2297610497479,583.2330437100113,18.82558650294292,
300,3829.000800750787,92,1,2,283.13845,-18.72976,600.3266632672952,585.4825382277041,18.824,
301,3829.0508007505878,92,1,2,283.1250534536378,-18.730264625686576,600.4242855092534,587.7326125530767,18.822417643919664,
302,3829.1008007508544,92,1,2,283.1116502540974,-18.73076356831015,600.5228278811097,589.9834204621361,18.82083756949658,
303,3829.1508007506554,92,1,2,283.09823919206383,-18.73125565687111,600.6225099743772,592.2351432395203,18.819257450807058,
304,3829.200800750922,92,1,2,283.0848190577185,-18.73173972038829,600.7235512894274,594.4879622491413,18.8176749618685,
305,3829.2508007507236,92,1,2,283.0713886417389,-18.732214587862345,600.826171228112,596.7420587668007,18.816087776757254,
306,3829.3008007505246,92,1,2,283.05794673442466,-18.732679088307492,600.9305891003397,598.9976141273474,18.814493569505476,
307,3829.350800750791,92,1,2,283.0444921260729,-18.733132050737584,601.0370241213321,601.2548096621239,18.812890014145076,
308,3829.400800750592,92,1,2,283.0310236073552,-18.733572304153824,601.1456954085779,603.5138266362171,18.811274784752783,
309,3829.450800750859,92,1,2,283.0175399684406,-18.733998677574057,601.2568219887913,605.7748463961143,18.80964555534535,
